{"vf_loss": 8153.601410296564, "loss": -0.4310581100561211, "policy_loss": -0.4406291595573042, "entropy_loss": 0.0, "trust_region_loss": 0.009571049501182864, "kl": 0.05372067580868352, "constraint": 0.05372067580868352, "mean_constraint": 0.05367067674442312, "cov_constraint": 4.99990642603915e-05, "entropy": 8.507089631167501, "entropy_diff": -0.004049582474127789, "kl_max": 0.27430310000125757, "constraint_max": 0.27430310000125757, "mean_constraint_max": 0.2742531009369972, "cov_constraint_max": 4.99990642603915e-05, "entropy_max": 8.5070896311675, "entropy_diff_max": -0.004049582474127789, "_timestamp": 1692093624.0353513, "_runtime": 553.2286012172699, "_step": 5, "global_step": 4096, "loss/vf_loss": 8153.6015625, "loss/loss": -0.4310581088066101, "loss/policy_loss": -0.44062915444374084, "loss/entropy_loss": 0.0, "loss/trust_region_loss": 0.009571049362421036, "constraints/kl": 0.05372067540884018, "constraints/constraint": 0.05372067540884018, "constraints/mean_constraint": 0.05367067828774452, "constraints/cov_constraint": 4.9999063776340336e-05, "constraints/entropy": 8.507089614868164, "constraints/entropy_diff": -0.004049582406878471, "constraints/kl_max": 0.2743031084537506, "constraints/constraint_max": 0.2743031084537506, "constraints/mean_constraint_max": 0.27425310015678406, "constraints/cov_constraint_max": 4.9999063776340336e-05, "constraints/entropy_max": 8.507089614868164, "constraints/entropy_diff_max": -0.004049582406878471, "exploration_reward/mean": 45.15373229980469, "exploration_reward/std": 33.6915283203125, "exploration_reward/max": 143.87246704101562, "exploration_reward/min": 0.09497383236885071, "exploration_reward/step_reward": 11.288433074951172, "exploration_reward/length": 4.0, "exploration_reward/length_std": 0.0, "evaluation_reward/mean": 37.08668518066406, "evaluation_reward/std": 0.0, "evaluation_reward/max": 37.08668518066406, "evaluation_reward/min": 37.08668518066406, "evaluation_reward/step_reward": 9.271671295166016, "evaluation_reward/length": 4.0, "evaluation_reward/length_std": 0.0, "_wandb": {"runtime": 552}}